model,dataset_variant,class,precision,recall,mAP50,mAP50-95,f1
FasterRCNN-ResNet50-FPN,crop_clahe_2class,Mass,0.543859649122807,0.4492753623188406,0.4384469389915466,0.2192360162734985,0.492063492063492
FasterRCNN-ResNet50-FPN,crop_clahe_2class,Suspicious Calcification,0.4722222222222222,0.293103448275862,0.252572625875473,0.1075038611888885,0.3617021276595744
FasterRCNN-ResNet50-FPN,crop_clahe_2class,all,0.5161290322580645,0.3779527559055118,0.3455097675323486,0.1633699387311935,0.4363636363636363
FasterRCNN-ResNet50-FPN,raw_png_2class,Mass,0.4533333333333333,0.4927536231884058,0.4339032471179962,0.2085054516792297,0.4722222222222222
FasterRCNN-ResNet50-FPN,raw_png_2class,Suspicious Calcification,0.4137931034482758,0.1967213114754098,0.2212747484445572,0.0788445994257927,0.2666666666666666
FasterRCNN-ResNet50-FPN,raw_png_2class,all,0.4423076923076923,0.3538461538461538,0.3275890052318573,0.1436750292778015,0.3931623931623931
YOLOv8s,raw_png_2class,Mass,0.52571034668281,0.4057971014492754,0.3683112943169976,0.1826533098749629,0.4580354892782952
YOLOv8s,raw_png_2class,Suspicious Calcification,0.5227655244104392,0.081967213114754,0.0809669470904266,0.0441163449866422,0.1417142829864127
YOLOv8s,raw_png_2class,all,0.5242379355466247,0.2438821572820147,0.2246391207037121,0.1133848274308025,0.2998748861323539
