class_id,reason,orig_xyxy,crop_box,split,image_id
1,invalid_after_crop,"[68.62397682499999, 236.36122624, 315.637348475, 593.7684992]","(687, 0, 1465, 2048)",train,a983c256635655ed394ed6805abf0499
1,invalid_after_crop,"[293.95296785, 677.69790464, 474.02760344999996, 793.69023488]","(687, 0, 1465, 2048)",train,a983c256635655ed394ed6805abf0499
1,invalid_after_crop,"[114.85328820000001, 1280.75099136, 153.330025, 1312.2278297599998]","(0, 1412, 787, 2048)",train,aca3b43ea31f8a59d580742da52fc98f
1,invalid_after_crop,"[8.094637749999977, 566.0520652800001, 823.93139715, 1208.56037376]","(849, 0, 1465, 2048)",test,264d5e05c5774d9770eaf74c0483bd50
1,invalid_after_crop,"[70.317311725, 241.16220927999998, 305.94543587500004, 568.54432768]","(687, 0, 1465, 2048)",test,6334ea4f303af58784d84f399dae396c
1,invalid_after_crop,"[301.398998825, 694.3440998399999, 498.38760147500005, 819.3893888]","(687, 0, 1465, 2048)",test,6334ea4f303af58784d84f399dae396c
